<?xml version="1.0" encoding="UTF-8"?>
<project-private xmlns="http://www.netbeans.org/ns/project-private/1">
    <editor-bookmarks xmlns="http://www.netbeans.org/ns/editor-bookmarks/2" lastBookmarkId="0"/>
    <open-files xmlns="http://www.netbeans.org/ns/projectui-open-files/2">
        <group>
            <file>file:/C:/Users/user/Downloads/penjualan%20(1)/penjualan/src/penjualan/frmSelectBarang.java</file>
            <file>file:/C:/Users/user/Downloads/penjualan%20(1)/penjualan/src/penjualan/frmTransaksi.java</file>
            <file>file:/C:/Users/user/Downloads/penjualan%20(1)/penjualan/src/penjualan/frmLogin.java</file>
            <file>file:/C:/Users/user/Downloads/penjualan%20(1)/penjualan/src/penjualan/frmBarang.java</file>
            <file>file:/C:/Users/user/Downloads/penjualan%20(1)/penjualan/src/penjualan/Penjualan.java</file>
            <file>file:/C:/Users/user/Downloads/penjualan%20(1)/penjualan/src/penjualan/frmMenu.java</file>
            <file>file:/C:/Users/user/Downloads/penjualan%20(1)/penjualan/src/penjualan/KoneksiMysql.java</file>
        </group>
    </open-files>
</project-private>
